{"cameraMode":{"drawMode":0,"name":"Shaded","section":"Shading Mode"},"sceneLighting":true,"audioPlay":false,"sceneViewState":{"m_AlwaysRefresh":false,"showFog":true,"showSkybox":true,"showFlares":true,"showImageEffects":true,"showParticleSystems":true,"showVisualEffectGraphs":true,"m_FxEnabled":true},"in2DMode":false,"pivot":{"x":0.6341849565505981,"y":21.55158805847168,"z":-34.310062408447269},"rotation":{"x":0.17881357669830323,"y":0.048680469393730167,"z":-0.008869096636772156,"w":0.9826593399047852},"size":12.466144561767579,"orthographic":false}