{"cameraMode":{"drawMode":0,"name":"Shaded","section":"Shading Mode"},"sceneLighting":true,"audioPlay":false,"sceneViewState":{"m_AlwaysRefresh":false,"showFog":true,"showSkybox":true,"showFlares":true,"showImageEffects":true,"showParticleSystems":true,"showVisualEffectGraphs":true,"m_FxEnabled":true},"in2DMode":false,"pivot":{"x":1.83708655834198,"y":-0.6827425360679627,"z":-7.184510707855225},"rotation":{"x":0.10068268328905106,"y":-0.018886037170886995,"z":0.0017879923107102514,"w":0.9948521256446838},"size":0.8915281295776367,"orthographic":false}